SINISTRO;IMPORTANCIA_SEGURADA;vlindeniza;id
0126.93.03.00001190;22.553.900;2066.18;5389
0135.93.03.00003707;14.565.300;910.33;5409
0135.93.03.00003751;32.798.200;2733.18;5423
0101.82.03.00000155;10.000.000;3000;5426
0101.93.03.00000465;949.500.000;47475;5444
0153.93.03.00001639;216.162.000;24936.2;5457
0101.93.03.00000154;100.000.000;833.34;92
0101.93.03.00000388;160.000.000;80000;113
0115.93.03.00000536;63.421.200;1057.02;228
0115.93.03.00000541;2.004.176.400;33402.94;232
0115.93.03.00000543;647.427.000;10790.45;234
0115.93.03.00000547;687.780.600;11463.01;237
0115.93.03.00000558;430.956.000;7172.43;244
0115.93.03.00000561;381.696.000;6361.6;246
0115.93.03.00000563;1.163.968.200;19399.47;248
0115.93.03.00000566;1.875.240.000;31254;251
0115.93.03.00000568;664.319.400;11071.99;253
0115.93.03.00000572;163.216.200;2720.27;256
0115.93.03.00000578;471.871.200;7864.52;260
0122.93.03.00000019;124.483.400;12447;271
0123.93.03.00000547;47.543.900;2754.39;297
0123.93.03.00000605;70.164.000;7017.32;306
0123.93.03.00000614;91.774.900;6118.32;309
0123.93.03.00000685;36.564.700;2754.39;319
0123.93.03.00000713;141.608.700;9912.63;326
0123.93.03.00000718;34.083.800;2556.29;330
0123.93.03.00000736;82.425.800;7133.52;340
0123.93.03.00000751;36.695.900;3669.6;347
0123.93.03.00000758;72.542.400;14508.47;351
0123.93.03.00000763;94.187.900;7706.25;353
0123.93.03.00000772;114.995.100;11497.36;357
0123.93.03.00000787;36.686.200;7196.94;367
0123.93.03.00000792;36.686.200;3668.56;371
0123.93.03.00000800;32.229.100;3222.9;377
0123.93.03.00000820;54.239.800;5423.48;390
0123.93.03.00000827;38.245.600;3834.56;396
0123.93.03.00000829;47.456.100;4745.66;398
0123.93.03.00000837;43.372.300;4337.25;405
0123.93.03.00000839;153.387.600;15789.74;407
0123.93.03.00000841;12.699.800;3269.98;409
0123.93.03.00000846;44.386.000;4636.94;414
0123.93.03.00000849;181.139.000;18113.87;417
0123.93.03.00000854;137.868.500;13786.47;422
0124.93.03.00000447;20.799.200;1039.96;449
0124.93.03.00000476;17.797.300;3779.73;455
0124.93.03.00000479;3.850.000;5852.83;457
0124.93.03.00000490;12.686.700;1003.89;460
0124.93.03.00000517;27.656.400;829.92;462
0124.93.03.00000647;44.386.000;3328.95;507
0124.93.03.00000649;23.118.900;2311.49;509
0124.93.03.00000664;128.338.400;12583.84;517
0124.93.03.00000670;33.761.300;3376.12;523
0124.93.03.00000673;23.118.900;2311.88;525
0124.93.03.00000677;24.103.300;2410.3;528
0124.93.03.00000684;102.492.500;10249.8;534
0124.93.03.00000689;24.990.300;2499.04;538
0124.93.03.00000691;161.814.700;16181.45;540
0124.93.03.00000708;300.046.900;32501.7;556
0124.93.03.00000714;44.590.600;4423.06;562
0125.93.03.00000188;47.794.600;4777.95;576
0125.93.03.00000201;156.779.300;15677.94;583
0125.93.03.00000266;96.178.600;9617.62;610
0125.93.03.00000280;63.597.200;6360.71;621
0125.93.03.00000296;58.715.800;5871.57;635
0126.93.03.00000813;62.010.000;6201.02;689
0126.93.03.00000833;2.751.400;2751.45;691
0126.93.03.00000850;117.894.400;11789.45;693
0126.93.03.00000867;79.210.400;5921.04;695
0126.93.03.00000875;52.090.000;5208.98;697
0126.93.03.00000879;110.769.700;10676.96;700
0126.93.03.00000979;30.623.800;5743.85;711
0126.93.03.00001043;65.370.200;15125.82;734
0126.93.03.00001054;24.127.700;412.77;740
0126.93.03.00001066;57.325.100;5417.01;744
0126.93.03.00001077;104.923.500;10792.36;753
0126.93.03.00001080;196.475.100;18327.51;755
0126.93.03.00001088;158.576.800;14857.68;762
0126.93.03.00001091;41.170.500;3313.36;764
0126.93.03.00001100;46.169.600;4616.95;772
0126.93.03.00001130;13.003.300;1202.06;789
0126.93.03.00001152;20.827.100;2011.84;797
0126.93.03.00001155;111.554.900;10483.5;800
0126.93.03.00001167;54.590.600;5459.05;805
0126.93.03.00001175;110.258.800;11025.37;811
0126.93.03.00001177;27.711.800;5683.16;813
0126.93.03.00001181;41.323.700;4132.38;816
0126.93.03.00001183;174.533.100;17286.47;818
0126.93.03.00001216;117.840.800;14784.08;836
0126.93.03.00001229;41.338.900;6133.89;846
0126.93.03.00001232;16.498.400;3240.45;849
0126.93.03.00001238;45.000.000;2250;853
0126.93.03.00001244;36.364.500;3636.47;857
0126.93.03.00001249;39.271.700;7247.17;861
0126.93.03.00001277;96.391.000;9639.12;885
0126.93.03.00001284;59.595.000;2610.77;890
0126.93.03.00001293;204.424.000;11221.2;897
0129.82.03.00000003;62.177.000;6217.69;920
0129.93.03.00000480;238.986.500;23898.56;944
0129.93.03.00000482;121.437.500;7756.04;946
0129.93.03.00000493;10.000.000;9980.33;950
0129.93.03.00000541;35.658.100;3658.81;954
0129.93.03.00000587;80.945.800;6070.93;967
0129.93.03.00000598;80.945.800;7582.76;973
0129.93.03.00000614;179.600;12301.82;983
0129.93.03.00000619;54.863.200;5486.31;988
0129.93.03.00000641;50.799.200;4849.01;1006
0129.93.03.00000676;22.000.000;4452.99;1021
0129.93.03.00000698;31.501.100;3150.12;1034
0129.93.03.00000700;114.054.600;11405.49;1036
0129.93.03.00000726;154.702.900;15431.14;1059
0129.93.03.00000733;353.066.200;35306.61;1065
0129.93.03.00000736;15.000.000;1619.58;1068
0129.93.03.00000749;64.566.700;7776.67;1076
0131.93.03.00000891;40.232.100;3262.18;1095
0131.93.03.00000906;60.380.100;6038;1099
0131.93.03.00000938;100.097.600;22019.52;1109
0131.93.03.00000958;43.732.900;6373.29;1113
0131.93.03.00000986;176.784.000;17678.38;1115
0131.93.03.00001024;89.932.800;8993.29;1120
0131.93.03.00001027;16.145.200;807.26;1122
0131.93.03.00001041;17.183.200;3718.32;1129
0131.93.03.00001045;41.598.700;4159.84;1132
0131.93.03.00001054;148.660.900;13379.48;1136
0131.93.03.00001087;10.000.000;999.98;1151
0131.93.03.00001101;85.894.200;8587.3;1160
0131.93.03.00001103;23.918.100;4391.81;1162
0131.93.03.00001106;45.955.200;4595.51;1165
0131.93.03.00001115;51.803.100;5180.34;1173
0131.93.03.00001125;43.235.900;4323.6;1180
0131.93.03.00001137;56.812.900;7681.29;1190
0131.93.03.00001142;51.130.600;7113.06;1194
0132.82.03.00000014;16.960.000;12080;1214
0132.93.03.00000282;98.478.900;9847.09;1229
0132.93.03.00000288;111.846.900;11186.15;1234
0132.93.03.00000327;45.407.900;4539.27;1239
0132.93.03.00000334;11.695.900;1189.59;1244
0132.93.03.00000337;368.119.500;40979.36;1246
0132.93.03.00000356;56.286.500;7628.65;1259
0132.93.03.00000365;21.578.900;1078.94;1265
0132.93.03.00000375;20.370.400;4037.04;1274
0132.93.03.00000380;55.449.700;5546.11;1278
0132.93.03.00000387;70.409.400;7180.31;1283
0132.93.03.00000389;148.634.000;15178.49;1285
0133.81.03.00000148;20.000.000;115172.75;1295
0133.81.03.00000151;10.000.000;2000;1298
0133.81.03.00000156;10.000.000;2000;1301
0133.81.03.00000161;10.000.000;2000;1304
0133.93.03.00004125;64.931.800;6493.66;1398
0133.93.03.00004172;24.468.800;4893.76;1407
0133.93.03.00004250;103.444.200;10343.81;1416
0133.93.03.00004280;362.844.200;36282.58;1422
0133.93.03.00004325;129.605.900;12960.58;1429
0133.93.03.00004359;1.974.200;197.72;1435
0133.93.03.00004424;44.035.100;4837.23;1448
0133.93.03.00004434;491.201.800;5397.82;1451
0133.93.03.00004489;25.916.200;370.24;1456
0133.93.03.00004496;249.964.700;24996.45;1458
0133.93.03.00004532;261.017.000;26101.32;1462
0133.93.03.00004567;131.776.400;13177.69;1469
0133.93.03.00004587;22.280.700;222.07;1473
0133.93.03.00004601;28.650.100;5730.02;1477
0133.93.03.00004612;135.303.900;13530.26;1481
0133.93.03.00004661;205.665.800;5075.78;1483
0133.93.03.00004665;482.778.400;48287.83;1485
0133.93.03.00004723;6.193.300;6193.3;1492
0133.93.03.00004732;30.906.500;3090.64;1495
0133.93.03.00004750;137.253.000;13725.31;1501
0133.93.03.00004759;321.478.900;32144.37;1503
0133.93.03.00004774;32.266.100;6453.21;1506
0133.93.03.00004799;134.177.100;13417.17;1510
0133.93.03.00004806;60.665.700;2693.96;1516
0133.93.03.00004848;28.977.800;2897.77;1537
0133.93.03.00004887;61.089.300;6108.87;1550
0133.93.03.00004909;56.842.100;5684.22;1558
0133.93.03.00004929;288.955.100;28895.47;1560
0133.93.03.00004949;49.983.600;4898.36;1567
0133.93.03.00004956;29.220.200;5844.05;1570
0133.93.03.00004960;63.099.400;3154.97;1572
0133.93.03.00004989;86.696.200;8669.27;1589
0133.93.03.00005005;72.759.100;5755.67;1593
0133.93.03.00005010;194.880.300;22928.96;1595
0133.93.03.00005013;84.317.800;8431.76;1598
0133.93.03.00005015;71.404.900;5685.19;1600
0133.93.03.00005018;125.652.100;10569.39;1602
0133.93.03.00005039;50.635.500;5063.35;1610
0133.93.03.00005043;23.660.400;4732.15;1613
0133.93.03.00005081;195.136.000;19513.59;1632
0133.93.03.00005104;174.297.800;17429.76;1645
0133.93.03.00005115;159.292.700;15926.27;1650
0133.93.03.00005140;183.988.600;18398.85;1659
0133.93.03.00005149;198.160.800;19815.79;1664
0133.93.03.00005152;380.620.900;38053.33;1666
0133.93.03.00005220;56.793.400;4732.78;1687
0133.93.03.00005268;190.793.700;19077.86;1701
0133.93.03.00005337;42.717.100;4349.54;1723
0133.93.03.00005386;65.073.200;12827.32;1740
0133.93.03.00005395;263.979.600;26384.96;1747
0133.93.03.00005465;59.589.600;2979.48;1774
0133.93.03.00005480;207.836.300;19783.63;1778
0133.93.03.00005482;51.306.000;7130.6;1780
0133.93.03.00005489;11.250.000;2500;1783
0133.93.03.00005495;116.826.200;11801.81;1788
0133.93.03.00005521;37.262.700;7452.5;1795
0133.93.03.00005534;98.827.400;9881.73;1802
0133.93.03.00005537;117.630.400;11763.11;1804
0133.93.03.00005554;215.234.600;20523.46;1812
0133.93.03.00005563;10.291.100;5145.54;1820
0133.93.03.00005590;26.809.100;2680.9;1822
0133.93.03.00005597;13.157.900;3289.48;1827
0133.93.03.00005608;126.973.500;12701.19;1832
0133.93.03.00005614;242.445.500;12122.28;1834
0133.93.03.00005626;128.214.900;12820.58;1841
0133.93.03.00005640;257.897.000;23572.05;1845
0133.93.03.00005652;74.493.200;7449.4;1855
0133.93.03.00005666;58.793.200;5879.14;1862
0133.93.03.00005686;36.109.700;2708.22;1875
0133.93.03.00005700;162.436.500;16243.38;1889
0133.93.03.00005707;108.941.700;12554.17;1893
0133.93.03.00005719;64.717.300;6471.72;1901
0133.93.03.00005730;55.692.200;5569.2;1911
0133.93.03.00005732;524.621.200;52462.1;1913
0133.93.03.00005735;544.035.500;58723.55;1915
0133.93.03.00005740;46.744.600;4689.08;1919
0133.93.03.00005746;27.335.600;1366.78;1923
0133.93.03.00005752;34.990.300;5499.03;1927
0133.93.03.00005771;199.602.400;19280.24;1940
0133.93.03.00005776;120.759.800;12075.48;1945
0133.93.03.00005788;90.848.000;4542.4;1954
0133.93.03.00005792;36.959.100;7391.81;1958
0133.93.03.00005807;126.990.600;12699.05;1971
0133.93.03.00005810;134.321.500;13432.14;1974
0133.93.03.00005824;32.940.600;3294.08;1985
0133.93.03.00005829;175.827.700;18461.91;1990
0133.93.03.00005834;32.368.400;5236.84;1995
0133.93.03.00005845;245.476.900;24547.86;2005
0133.93.03.00005856;210.916.400;21088.74;2014
0133.93.03.00005858;149.320.800;14922.2;2016
0133.93.03.00005906;65.463.300;4564.32;2033
0133.93.03.00005908;37.019.000;3701.88;2035
0133.93.03.00005925;69.532.200;6953.21;2046
0135.81.03.00000239;5.529.700;1681.7;2053
0135.81.03.00000266;22.014.800;2000;2064
0135.93.03.00002909;64.795.300;6479.52;2136
0135.93.03.00002939;50.149.200;5014.62;2144
0135.93.03.00002980;50.146.200;5014.61;2147
0135.93.03.00002996;51.130.600;5113.08;2150
0135.93.03.00003091;114.366.500;13436.65;2174
0135.93.03.00003161;87.667.900;8766.78;2183
0135.93.03.00003244;30.672.900;3067.28;2190
0135.93.03.00003413;46.413.200;6641.33;2216
0135.93.03.00003443;174.531.700;8726.59;2230
0135.93.03.00003458;18.065.300;3613.06;2238
0135.93.03.00003475;39.208.500;6920.85;2245
0135.93.03.00003479;46.393.800;6959.07;2249
0135.93.03.00003502;27.166.200;5433.24;2261
0135.93.03.00003509;197.762.600;19766.26;2265
0135.93.03.00003525;57.748.400;5774.86;2278
0135.93.03.00003536;276.603.300;27657.81;2284
0135.93.03.00003554;1.000.000;5014.62;2296
0135.93.03.00003557;28.888.900;2889.89;2299
0135.93.03.00003568;408.701.200;40870.13;2305
0135.93.03.00003578;53.640.400;5365.04;2311
0135.93.03.00003581;135.380.100;10153.51;2314
0135.93.03.00003625;60.155.900;6015.6;2330
0135.93.03.00003641;58.908.400;5890.86;2337
0135.93.03.00003646;54.834.300;2741.72;2342
0135.93.03.00003658;203.366.000;21656.6;2349
0135.93.03.00003660;42.636.500;6527.29;2351
0135.93.03.00003663;9.195.500;6023.39;2353
0135.93.03.00003667;27.983.400;2854.34;2357
0135.93.03.00003670;288.231.600;28823.15;2360
0135.93.03.00003684;24.201.900;1210.1;2367
0135.93.03.00003692;156.001.300;15600.14;2373
0135.93.03.00003729;6.345.900;1269.17;2401
0135.93.03.00003737;307.418.500;30243.85;2409
0135.93.03.00003753;60.175.400;6017.53;2422
0135.93.03.00003760;41.676.400;4167.59;2429
0135.93.03.00003764;32.105.300;3210.52;2433
0135.93.03.00003793;49.317.700;4937.77;2460
0135.93.03.00003817;20.809.000;2080.89;2480
0135.93.03.00003821;13.968.500;1269.01;2483
0135.93.03.00003823;18.184.800;1652.05;2485
0135.93.03.00003832;25.078.000;4879.2;2491
0135.93.03.00003838;70.506.800;3525.34;2497
0135.93.03.00003845;64.410.200;6441.01;2503
0135.93.03.00003849;34.161.800;2846.82;2507
0135.93.03.00003859;212.207.800;21220.79;2513
0135.93.03.00003864;41.786.600;4178.64;2518
0135.93.03.00003877;30.039.000;1501.95;2528
0135.93.03.00003880;122.651.100;12265.1;2531
0135.93.03.00003896;30.112.100;5011.21;2547
0135.93.03.00003899;1.705.700;170.58;2549
0135.93.03.00003901;147.926.100;14776.96;2551
0135.93.03.00003904;56.812.900;5681.3;2554
0135.93.03.00003907;125.748.600;12274.86;2557
0135.93.03.00003938;56.812.900;5681.27;2575
0141.93.03.00002853;89.619.900;10961.99;2667
0141.93.03.00002866;39.688.100;5455.03;2676
0141.93.03.00002887;42.943.500;4924.36;2679
0141.93.03.00002937;25.121.800;5024.37;2706
0141.93.03.00002940;205.042.100;20503.77;2709
0141.93.03.00002942;67.924.000;6694.93;2711
0141.93.03.00002951;2.860.600;572.14;2719
0141.93.03.00002982;58.918.100;7891.82;2736
0141.93.03.00002985;52.017.500;5201.72;2739
0142.81.03.00000016;2.000.000;2000;2741
0142.93.03.00000328;772.422.100;65583;2754
0142.93.03.00000345;27.621.800;5524.37;2757
0142.93.03.00000371;34.262.700;16270.02;2761
0142.93.03.00000403;26.627.700;2914.72;2764
0142.93.03.00000447;66.828.700;6682.8;2774
0142.93.03.00000481;57.402.200;5974.96;2793
0142.93.03.00000484;560.700.000;28035;2796
0142.93.03.00000506;41.052.600;8210.52;2810
0143.81.03.00000062;21.747.500;1936.69;2824
0143.81.03.00000067;20.000.000;1412.87;2827
0143.93.03.00001185;26.968.800;2696.89;2869
0143.93.03.00001237;370.526.600;37052.65;2873
0143.93.03.00001297;95.927.300;9593.05;2896
0143.93.03.00001306;141.270.200;10976.08;2903
0143.93.03.00001331;101.033.300;10103.32;2913
0143.93.03.00001356;77.824.700;7782.5;2921
0143.93.03.00001377;136.111.200;13611.11;2932
0143.93.03.00001385;76.842.100;7684.2;2939
0143.93.03.00001403;98.040.900;9804;2948
0143.93.03.00001408;369.490.800;32904.51;2952
0143.93.03.00001413;126.147.100;6307.35;2957
0143.93.03.00001420;26.296.300;2629.62;2962
0143.93.03.00001447;105.632.100;12323.21;2982
0143.93.03.00001456;192.529.200;18727.5;2988
0143.93.03.00001465;21.428.400;2106.09;2995
0143.93.03.00001471;76.734.900;7673.48;3001
0143.93.03.00001473;101.123.600;16432.56;3003
0143.93.03.00001475;77.446.400;7744.65;3005
0143.93.03.00001481;97.007.800;5189.08;3011
0143.93.03.00001483;237.949.900;23749.45;3013
0143.93.03.00001491;326.226.000;32622.9;3019
0143.93.03.00001496;34.478.600;5447.86;3022
0151.93.03.00000156;195.585.400;19560.26;3041
0152.93.03.00000264;361.006.400;18050.32;3078
0152.93.03.00000266;367.842.200;18734.55;3080
0152.93.03.00000292;56.194.000;5619.42;3085
0152.93.03.00000294;620.557.600;17123.99;3087
0152.93.03.00000304;200.805.600;10040.28;3091
0152.93.03.00000309;36.764.100;3676.4;3094
0152.93.03.00000315;45.536.000;2276.8;3098
0152.93.03.00000317;871.752.000;8717.52;3100
0152.93.03.00000319;466.827.800;23341.39;3102
0152.93.03.00000324;115.305.400;5765.27;3104
0152.93.03.00000326;103.560.400;5178.02;3106
0153.81.03.00000063;10.000.000;2000;3116
0153.93.03.00001160;42.917.400;4291.68;3181
0153.93.03.00001197;144.288.500;14428.84;3189
0153.93.03.00001229;76.062.400;6857.64;3197
0153.93.03.00001268;9.278.500;5198.83;3207
0153.93.03.00001285;124.737.500;12473.74;3210
0153.93.03.00001321;41.725.200;2980.36;3220
0153.93.03.00001330;314.771.700;3271.17;3222
0153.93.03.00001357;193.032.700;19303.47;3226
0153.93.03.00001399;118.957.100;11895.22;3242
0153.93.03.00001409;63.469.800;6346.97;3246
0153.93.03.00001412;588.335.500;50428.76;3248
0153.93.03.00001418;120.205.000;8170.25;3253
0153.93.03.00001448;93.398.200;7180.31;3262
0153.93.03.00001487;78.976.600;7897.68;3286
0153.93.03.00001498;174.396.200;17439.45;3293
0153.93.03.00001516;30.740.700;3074.03;3300
0153.93.03.00001524;66.208.600;6620.87;3304
0153.93.03.00001551;73.196.900;7319.7;3316
0153.93.03.00001564;47.212.500;6721.25;3325
0153.93.03.00001574;111.023.400;13102.34;3331
0153.93.03.00001577;77.855.800;7785.57;3333
0153.93.03.00001594;41.871.300;2392.64;3346
0153.93.03.00001600;108.235.900;11213.45;3350
0153.93.03.00001609;73.216.400;10982.46;3358
0153.93.03.00001629;66.335.300;8633.53;3373
0153.93.03.00001631;77.738.800;7773.87;3375
0153.93.03.00001634;84.259.300;8425.92;3378
0153.93.03.00001637;51.832.400;3702.34;3381
0153.93.03.00001641;106.335.300;12633.53;3384
0153.93.03.00001653;77.680.300;9768.03;3394
0153.93.03.00001655;113.635.500;11363.56;3396
0153.93.03.00001662;59.756.300;5691.03;3402
0153.93.03.00001666;10.370.400;3047.27;3406
0153.93.03.00001672;51.481.500;7148.15;3412
0153.93.03.00001695;82.222.200;8222.21;3433
0154.93.03.00000165;51.978.600;2598.93;3453
0154.93.03.00000170;20.003.100;2000.3;3456
0135.93.03.00002906;45.497.100;2184.88;3471
0142.93.03.00000331;122.637.900;8759.85;3473
0142.93.03.00000330;221.307.300;22130.69;3477
0141.93.03.00002353;35.100.000;1170;3487
0141.93.03.00002355;35.100.000;1170;3489
0135.93.03.00002917;25.516.600;4307.93;3496
0141.93.03.00002357;42.120.000;1404;3499
0124.93.03.00000416;188.955.100;18791.01;3504
0135.93.03.00002923;121.184.400;12118.18;3507
0141.93.03.00002363;99.000.000;4950;3511
0141.93.03.00002365;28.080.000;1404;3513
0115.93.03.00000380;25.009.700;2500.5;3516
0124.93.03.00000418;51.910.300;3191.03;3518
0126.93.03.00000764;5.194.100;519.42;3520
0135.93.03.00002928;43.060.400;4306.03;3522
0133.93.03.00004023;106.998.100;8732.94;3524
0135.93.03.00002924;44.902.500;12726.52;3526
0133.93.03.00004031;181.022.000;18101.82;3534
0133.93.03.00004042;146.471.700;6317.74;3538
0141.93.03.00002384;60.000.000;3000;3544
0135.93.03.00002943;335.192.500;60519.25;3551
0123.93.03.00000558;36.062.400;3155.46;3561
0125.93.03.00000179;301.116.900;30111.67;3564
0133.93.03.00004093;19.415.200;1941.04;3581
0142.93.03.00000340;40.742.100;3994.29;3605
0126.93.03.00000778;31.705.600;3170.57;3608
0153.93.03.00001162;34.961.000;3496.11;3615
0131.93.03.00000907;15.536.100;1553.6;3618
0141.93.03.00002410;225.636.400;22562.58;3620
0141.93.03.00002412;57.000.000;2850;3622
0133.93.03.00004115;39.535.200;3952.52;3625
0126.93.03.00000806;14.227.600;70664.23;3631
0141.93.03.00002407;48.519.400;4851.92;3633
0133.93.03.00004151;29.688.100;2968.8;3648
0124.93.03.00000453;88.517.800;5650.5;3654
0135.93.03.00002993;42.559.400;5014.62;3656
0129.93.03.00000457;479.648.000;35973.6;3664
0124.93.03.00000451;10.399.600;2079.92;3672
0133.93.03.00004134;75.962.400;7595.48;3680
0135.93.03.00002992;80.195.900;5113.06;3687
0129.93.03.00000459;36.598.400;2744.88;3695
0135.93.03.00002989;31.929.800;4789.47;3700
0126.93.03.00000798;52.885.000;5289.04;3708
0135.93.03.00002997;45.964.900;4341.13;3714
0141.93.03.00002415;4.600.900;459.31;3718
0126.93.03.00000823;20.000.000;3737.82;3730
0126.93.03.00000824;113.957.800;5697.89;3732
0126.93.03.00000822;62.040.000;3102;3735
0143.93.03.00001097;3.338.200;3338.21;3739
0126.93.03.00000828;118.249.600;4361.11;3742
0153.93.03.00001188;60.955.200;6095.51;3747
0126.93.03.00000821;31.705.600;2853.56;3754
0133.93.03.00004155;41.676.400;4167.67;3761
0153.93.03.00001190;60.925.900;3046.3;3772
0129.93.03.00000466;24.493.200;2449.3;3785
0141.93.03.00002416;25.451.200;2227.27;3789
0143.93.03.00001093;60.165.700;6016.59;3792
0143.93.03.00001100;362.021.100;36201.59;3797
0129.93.03.00000469;65.329.000;8532.9;3803
0133.93.03.00004178;121.413.300;13853.61;3807
0141.93.03.00002432;3.879.100;3879.14;3828
0126.93.03.00000836;111.666.600;4132.37;3833
0133.93.03.00004208;69.429.400;6942.92;3851
0126.93.03.00000844;82.647.400;4132.37;3858
0133.93.03.00004212;38.791.400;1939.58;3860
0123.93.03.00000593;46.435.000;4643.36;3868
0123.93.03.00000594;52.144.200;4809.62;3871
0124.93.03.00000468;255.423.800;12771.19;3878
0135.93.03.00003057;45.984.400;4598.45;3881
0152.93.03.00000258;298.950.500;29892.05;3893
0133.93.03.00004237;145.456.700;14544.65;3895
0115.93.03.00000396;91.880.200;9189.05;3906
0133.93.03.00004239;158.569.100;15856.86;3910
0115.93.03.00000398;22.212.500;2220.27;3919
0123.93.03.00000603;87.539.300;8753.92;3923
0153.93.03.00001218;23.869.400;2386.95;3929
0126.93.03.00000866;165.294.800;8264.74;3932
0143.93.03.00001124;155.516.600;15551.64;3939
0126.93.03.00000858;63.997.400;6399.75;3949
0126.93.03.00000856;23.850.500;1790.42;3951
0133.93.03.00004267;129.269.900;12560.65;3954
0115.93.03.00000406;113.620.600;11362.08;3962
0133.93.03.00004288;191.683.700;19168.36;3986
0135.93.03.00003096;31.554.300;3155.83;3989
0133.93.03.00004303;40.633.500;4063.32;4000
0133.93.03.00004301;228.137.000;91254.8;4011
0135.93.03.00003100;282.623.900;18785.5;4016
0124.93.03.00000477;42.417.200;6241.72;4021
0153.93.03.00001238;30.833.400;3083.33;4030
0133.93.03.00004333;142.312.300;14431.23;4032
0151.93.03.00000148;69.922.000;5593.76;4034
0126.93.03.00000883;22.543.900;2254.4;4036
0126.93.03.00000885;16.505.800;3301.17;4051
0126.93.03.00000888;94.668.600;9466.87;4055
0131.93.03.00000960;17.870.700;1882.86;4057
0133.93.03.00004355;107.365.900;10736.74;4059
0142.93.03.00000378;43.759.100;4375.9;4062
0126.93.03.00000894;52.000.000;5200.3;4067
0153.93.03.00001249;34.684.800;2312.32;4072
0153.93.03.00001256;50.438.600;6787.89;4089
0123.93.03.00000617;216.937.400;21699.52;4102
0129.93.03.00000495;16.325.500;1638.4;4105
0141.93.03.00002487;800.000.000;40000;4108
0133.93.03.00004354;78.395.300;7864.66;4115
0124.93.03.00000486;101.998.100;12199.81;4117
0129.93.03.00000497;12.251.500;1224.66;4119
0132.93.03.00000294;83.599.400;8359.15;4121
0135.93.03.00003147;27.524.400;2874.27;4135
0126.93.03.00000904;363.998.500;36399.86;4138
0115.93.03.00000417;50.009.700;5000.98;4148
0135.93.03.00003139;11.617.900;1010.72;4152
0133.93.03.00004369;93.371.900;9335.57;4157
0133.93.03.00004367;121.354.900;11877.01;4167
0129.93.03.00000503;54.707.900;7470.79;4169
0133.93.03.00004366;73.586.700;7358.68;4171
0135.93.03.00003146;40.604.300;2060.43;4175
0129.93.03.00000501;26.861.600;2685.67;4178
0133.93.03.00004373;24.288.500;2428.36;4180
0135.93.03.00003152;45.799.200;6579.92;4182
0135.93.03.00003150;44.931.800;6493.18;4188
0129.93.03.00000502;236.936.800;28013.68;4194
0133.93.03.00004376;97.656.900;9971.74;4200
0151.93.03.00000153;177.214.100;17784.79;4211
0135.93.03.00003160;104.746.400;10289.55;4214
0133.93.03.00004390;43.684.600;4282.8;4216
0141.93.03.00002495;24.132.600;2412.77;4219
0135.93.03.00003164;44.785.600;7271.28;4221
0133.93.03.00004385;103.995.100;10441.37;4224
0133.93.03.00004379;36.390.300;3639.01;4226
0135.93.03.00003156;76.404.800;17285.76;4230
0135.81.03.00000243;17.429.100;1742.94;4234
0115.93.03.00000421;701.125.900;70110.65;4247
0131.93.03.00000966;14.990.300;3499.03;4268
0133.93.03.00004396;55.195.100;5614.43;4270
0141.93.03.00002503;23.400.000;2443.04;4275
0135.93.03.00003166;1.705.600;170.57;4280
0133.93.03.00004427;51.335.300;7133.53;4290
0135.93.03.00003179;63.430.800;72343.41;4296
0115.93.03.00000429;82.138.600;7315.95;4301
0133.93.03.00004420;54.181.300;8885.97;4303
0133.93.03.00004413;29.326.300;2008.63;4306
0135.93.03.00003188;23.187.100;2890.64;4313
0133.93.03.00004426;42.193.000;2228.07;4316
0133.93.03.00004425;69.773.700;6840.51;4318
0135.93.03.00003173;9.600.400;1032.16;4320
0135.93.03.00003187;43.888.900;3194.45;4322
0141.93.03.00002506;24.271.100;2429.11;4325
0141.93.03.00002509;32.105.300;3223.2;4329
0135.93.03.00003171;70.853.100;5085.31;4331
0141.93.03.00002508;1.000.000.000;50000;4345
0126.93.03.00000922;80.380.100;8038.98;4347
0153.93.03.00001284;31.431.600;2540.29;4369
0133.93.03.00004441;129.396.300;12939.65;4381
0135.93.03.00003232;56.276.800;2813.84;4383
0135.93.03.00003229;20.438.700;2003.79;4387
0133.93.03.00004448;93.269.000;9325.99;4389
0131.93.03.00000980;33.216.400;3321.62;4396
0133.93.03.00004444;21.637.400;4163.74;4401
0135.93.03.00003224;63.060.400;6305.93;4405
0141.93.03.00002513;2.519.970.700;32290.07;4413
0135.93.03.00003201;297.439.100;30126.8;4415
0133.93.03.00004450;22.553.600;4255.37;4417
0135.93.03.00003228;43.060.400;4729.54;4423
0135.93.03.00003227;46.491.200;2324.56;4425
0126.93.03.00000935;43.216.400;6321.64;4431
0153.93.03.00001302;77.056.500;7705.66;4433
0124.93.03.00000527;53.313.800;5331.39;4439
0133.93.03.00004443;88.752.400;10875.24;4441
0124.93.03.00000519;36.296.300;3753.09;4444
0135.93.03.00003211;246.466.500;24655.64;4447
0141.93.03.00002511;57.000.000;2850;4464
0126.93.03.00000930;132.586.000;11870.88;4467
0151.93.03.00000154;45.024.400;6502.44;4472
0129.93.03.00000522;78.586.700;5858.67;4475
0126.93.03.00000931;79.893.800;7980.38;4477
0129.81.03.00000009;21.231.500;1492.66;4479
0126.93.03.00000925;25.772.900;2577.28;4484
0141.93.03.00002526;23.400.000;1170;4489
0133.93.03.00004478;306.722.800;30675.69;4491
0141.93.03.00002532;30.000.000;1500;4494
0141.93.03.00002534;30.000.000;1500;4496
0141.93.03.00002528;61.725.100;6172.5;4500
0133.93.03.00004472;42.397.700;4239.78;4502
0141.93.03.00002529;28.000.000;700;4505
0141.93.03.00002525;74.000.000;3700;4509
0141.93.03.00002515;23.400.000;1096.88;4520
0133.93.03.00004460;54.954.000;5495.42;4527
0135.93.03.00003237;157.146.400;15359.23;4532
0135.93.03.00003238;333.830.400;33517.31;4535
0133.93.03.00004473;120.620.700;8148.39;4542
0141.93.03.00002517;23.400.000;1170;4545
0141.93.03.00002520;23.400.000;1170;4547
0133.93.03.00004464;10.939.000;1034.43;4551
0141.93.03.00002521;400.000.000;20000;4555
0126.93.03.00000940;30.594.500;8282.27;4561
0126.93.03.00000943;83.196.600;10979.5;4571
0126.93.03.00000939;20.000.000;1000;4573
0129.93.03.00000530;363.435.800;27633.8;4584
0124.93.03.00000533;49.263.100;4936.31;4590
0153.93.03.00001314;58.810.900;5881.13;4598
0133.93.03.00004498;68.616.500;6861.44;4608
0126.93.03.00000946;57.899.100;5761.11;4612
0153.93.03.00001317;78.810.900;8031.09;4616
0133.93.03.00004501;45.623.800;3801.99;4618
0141.93.03.00002546;50.000.000;4375;4620
0133.93.03.00004500;81.463.000;8772.73;4622
0133.93.03.00004505;65.498.500;6681.27;4625
0135.93.03.00003265;133.195.400;15119.54;4628
0135.93.03.00003272;129.660.600;13126.7;4630
0133.93.03.00004511;119.825.300;8151.1;4635
0133.93.03.00004509;78.804.300;7880.46;4642
0135.93.03.00003271;19.259.300;1925.44;4645
0143.93.03.00001200;29.025.300;2903.02;4647
0133.93.03.00004518;29.850.200;2538.68;4658
0126.93.03.00000952;22.095.500;2209.73;4661
0135.93.03.00003260;52.676.000;5274.64;4663
0141.93.03.00002548;5.652.100;565.3;4668
0135.93.03.00003258;103.853.400;7369.11;4674
0131.93.03.00000988;55.520.500;5603.74;4679
0131.93.03.00000991;42.573.200;4257.35;4688
0135.93.03.00003274;55.649.500;4638.72;4691
0143.93.03.00001202;166.901.600;16690.12;4704
0133.93.03.00004522;94.496.000;9731.03;4720
0129.93.03.00000543;217.547.600;43509.52;4724
0123.93.03.00000669;35.564.200;3302.39;4736
0115.93.03.00000451;18.528.300;1852.85;4757
0126.93.03.00000960;147.913.200;14790.32;4796
0115.93.03.00000452;185.422.500;20541.47;4808
0141.93.03.00002608;5.760.400;5760.44;4825
0141.93.03.00002584;600.000.000;30000;4827
0153.93.03.00001329;27.275.600;392.99;4876
0115.93.03.00000448;264.406.400;26440.61;4890
0131.93.03.00000998;43.713.500;4371.36;4905
0141.93.03.00002646;28.000.000;1400;4907
0141.93.03.00002648;23.400.000;1170;4909
0141.93.03.00002659;23.400.000;1170;4911
0142.93.03.00000406;30.139.000;1210.06;4918
0133.93.03.00004588;75.655.400;3739.77;4924
0141.93.03.00002672;800.000.000;40000;4927
0141.93.03.00002657;27.850.600;1170;4931
0115.93.03.00000456;100.000.000;8332;4934
0141.93.03.00002668;60.000.000;3000;4944
0141.93.03.00002652;209.000.000;10450;4960
0141.93.03.00002654;200.000.000;10000;4962
0141.93.03.00002656;23.400.000;1392.54;4964
0133.93.03.00004610;87.104.500;8710.18;4966
0141.93.03.00002663;11.700.000;1392.53;4969
0141.93.03.00002653;23.400.000;1221.52;4977
0141.93.03.00002649;35.100.000;1392.53;4981
0141.93.03.00002666;23.400.000;1392.53;4985
0133.93.03.00004591;24.000.000;1200;4987
0126.93.03.00000971;126.055.500;12515.5;4995
0126.93.03.00000984;75.000.000;3750;5005
0129.93.03.00000559;217.840.100;13685.92;5008
0133.93.03.00004604;56.588.700;5659.08;5014
0133.93.03.00004586;20.058.500;4011.7;5017
0126.93.03.00000983;147.560.000;6810.48;5020
0126.93.03.00000987;46.080.000;2304;5022
0143.93.03.00001220;33.539.800;3354.17;5025
0141.93.03.00002683;53.674.500;5380.12;5035
0141.93.03.00002686;165.000.000;8250;5037
0141.93.03.00002688;23.400.000;1170;5040
0141.93.03.00002680;23.400.000;1170;5044
0142.93.03.00000409;17.514.600;1758.28;5046
0133.93.03.00004619;53.391.800;5359.65;5048
0133.93.03.00004615;37.780.000;3717.97;5050
0126.93.03.00000989;974.700;97.48;5052
0141.93.03.00002679;23.400.000;1170;5068
0133.93.03.00004635;25.672.500;2566.76;5102
0141.93.03.00002736;23.400.000;1170;5117
0126.93.03.00000992;113.849.900;11427.88;5124
0135.93.03.00003367;136.330.400;11633.04;5127
0133.93.03.00004648;1.000.000;10832.46;5140
0141.93.03.00002695;27.850.600;1392.53;5200
0141.93.03.00002740;27.850.600;1392.53;5202
0133.93.03.00004641;1.000.000;8355.24;5204
0133.93.03.00004656;540.308.000;27015.4;5215
0141.93.03.00002767;23.400.000;1170;5229
0141.93.03.00002772;23.400.000;1170;5232
0141.93.03.00002768;800.000.000;40000;5235
0141.93.03.00002779;28.000.000;1400;5241
0141.93.03.00002778;27.850.600;1392.53;5245
0141.93.03.00002770;600.000.000;30000;5247
0141.93.03.00002771;27.850.600;1392.53;5249
0141.93.03.00002781;120.000.000;3000;5256
0141.93.03.00002785;21.596.000;2159.58;5268
0153.93.03.00001372;71.803.100;9180.31;5275
0126.93.03.00001017;36.149.200;3614.7;5281
0141.93.03.00002819;40.628.700;3900.1;5294
0133.93.03.00004804;22.500.000;2500;5305
0143.93.03.00001286;65.479.200;5928.32;5308
0129.93.03.00000603;59.025.300;3935.02;5321
0124.81.03.00000036;12.780.400;1278.64;5323
0143.93.03.00001329;204.107.300;14882.18;5327
0135.93.03.00003487;114.491.600;8888.89;5331
0153.93.03.00001437;42.134.500;4213.47;5335
0153.93.03.00001446;89.586.900;6403.99;5340
0143.93.03.00001341;67.391.100;6414.24;5342
0135.93.03.00003544;48.864.500;2886.45;5352
0135.93.03.00003560;346.926.000;23128.4;5357
0143.93.03.00001387;915.376.300;57035;5368
0133.81.03.00000154;15.011.400;1444.31;5380
0126.93.03.00001190;22.553.900;2066.18;5389
0135.93.03.00003707;14.565.300;910.33;5409
0135.93.03.00003751;32.798.200;2733.18;5423
0101.82.03.00000155;10.000.000;3000;5426
0101.93.03.00000465;949.500.000;47475;5444
0153.93.03.00001639;216.162.000;24936.2;5457
0132.93.03.00000391;41.713.400;4171.54;5482
0126.93.03.00001323;21.101.400;2112.09;5513
0124.93.03.00000551;121.512.800;12151.3;5546
0124.93.03.00000499;16.296.300;543.2;5558
0141.93.03.00002345;1.410.000;187.99;5591
0133.93.03.00004962;68.468.500;3423.43;5594
0133.93.03.00005113;553.954.200;55395.4;5606
0126.93.03.00001018;50.734.900;5173.49;5637
0133.93.03.00004705;4.853.800;4853.8;5657
0126.93.03.00001064;;4500;5680
0126.93.03.00000812;11.374.300;568.69;5683
0133.93.03.00004221;48.440.500;692.01;5713
0153.93.03.00001617;58.222.200;5822.2;5716
0131.93.03.00000878;21.876.200;4187.62;5731
0133.93.03.00005941;92.036.200;8366.93;5733
0126.93.03.00001031;21.900.000;2372.5;5741
0126.93.03.00000923;46.918.500;4691.82;5750
0101.81.03.00000165;250.000;2500;5760
0135.93.03.00003027;19.556.200;1928.62;5762
0101.93.03.00000264;742.768.800;76476.88;5767
0126.93.03.00001032;200.000;2000;5771
0142.93.03.00000518;;49290;5791
0143.93.03.00001509;123.654.800;15456.85;5795
0129.93.03.00000752;2.641.100;264.12;5798
0143.93.03.00001486;72.489.000;7248.88;5800
0153.93.03.00001525;79.415.200;3970.76;5802
0142.93.03.00000462;;10250.39;5805
0126.93.03.00001133;43.447.800;7664.78;5807
0126.93.03.00001098;;2000;5810
0126.93.03.00001142;20.661.800;3443.64;5812
0153.93.03.00001568;30.994.200;3099.34;5815
0126.93.03.00001266;300.000;3000;5817
0126.93.03.00001304;366.615.300;43012.1;5819
0135.93.03.00003628;29.571.200;1478.56;5821
0135.93.03.00003650;51.130.600;7113.06;5823
